Time[s],Speed[m/s],X[m],Z[m],Y[m]
0,0.023097367,-80,100,-1.53
0,0.016,-56,67,-1
1.977571964,0.274048137,-47,56,-1
3.755996943,0.425150126,-28,40,-0.003198476
3.979457855,0.433202354,-5.7,6,-0.5
